s_inhib,neuron,name_mover,stat_in,stat_out,z_in,z_out,path_z
L8H6,L8N1548,L10H0,0.10518937046145085,0.09194601272891263,7.6924159038945685,7.842494751930907,7.6924159038945685
L8H6,L8N1548,L9H9,0.10518937046145085,0.09919232089434948,7.6924159038945685,8.874776243747615,7.6924159038945685
L7H3,L7N900,L9H9,0.1271633776607225,0.08995989775850755,9.985928180044013,7.580345204154414,7.580345204154414
L7H9,L7N360,L9H9,0.10410410196229695,0.112543442898446,7.579142225445503,10.561172716077055,7.579142225445503
L7H9,L7N360,L10H0,0.10410410196229695,0.10164708846130482,7.579142225445503,9.855746217304967,7.579142225445503
L7H9,L7N360,L9H6,0.10410410196229695,0.09236141948364558,7.579142225445503,7.897324756497226,7.579142225445503
L7H9,L7N327,L10H0,0.10250363947390818,0.08438526064306909,7.412095754069176,7.365138576916483,7.365138576916483
L8H6,L8N1548,L9H6,0.10518937046145085,0.08761717507896352,7.6924159038945685,7.351788537744302,7.351788537744302
L7H3,L8N2896,L9H6,0.09903928466542199,0.08696596277296571,7.926542663860835,7.266105959584948,7.266105959584948
L7H3,L7N1576,L10H0,0.10346305961739498,0.08241477153796778,7.512234152000754,7.0808282899558534,7.0808282899558534
L7H3,L8N2896,L9H9,0.09903928466542199,0.08476221249903798,7.926542663860835,6.976149821854734,6.976149821854734
L7H3,L7N900,L10H0,0.1271633776607225,0.08106349053910301,9.985928180044013,6.885859899845452,6.885859899845452
L7H3,L7N360,L9H9,0.09696790804025998,0.112543442898446,6.834310014517795,10.561172716077055,6.834310014517795
L7H3,L7N360,L9H6,0.09696790804025998,0.09236141948364558,6.834310014517795,7.897324756497226,6.834310014517795
L7H3,L7N360,L10H0,0.09696790804025998,0.10164708846130482,6.834310014517795,9.855746217304967,6.834310014517795
L7H3,L8N2896,L10H0,0.09903928466542199,0.08105533619786878,7.926542663860835,6.405022113068053,6.405022113068053
L8H6,L8N2649,L10H0,0.09068273454292966,0.11949222791049963,6.178302102845953,11.478350661790035,6.178302102845953
L8H6,L8N2649,L9H6,0.09068273454292966,0.08467627260535428,6.178302102845953,6.964842370214553,6.178302102845953
L8H6,L8N2649,L9H9,0.09068273454292966,0.10620477982655878,6.178302102845953,9.797433194506016,6.178302102845953
L7H3,L8N428,L10H0,0.0837770237335918,0.14019551682811812,6.0919078437752034,14.211001041104595,6.0919078437752034
L7H3,L8N428,L9H6,0.0837770237335918,0.11821026165548888,6.0919078437752034,11.377041911469469,6.0919078437752034
L7H3,L8N428,L9H9,0.0837770237335918,0.1442095864099469,6.0919078437752034,14.797875877361662,6.0919078437752034
L7H9,L7N2842,L9H9,0.08938225736805297,0.10772887939707325,6.042566261022314,9.925693066896093,6.042566261022314
L7H9,L7N2842,L9H6,0.08938225736805297,0.08539406308589483,6.042566261022314,6.977695552707733,6.042566261022314
L7H9,L7N2842,L10H0,0.08938225736805297,0.09847503231022531,6.042566261022314,9.398068886212958,6.042566261022314
L7H9,L8N1307,L9H6,0.08294700027655533,0.08358058183796177,5.992132984560792,6.8206780033085215,5.992132984560792
L7H9,L8N1307,L10H0,0.08294700027655533,0.0956746900832216,5.992132984560792,8.3346470677846,5.992132984560792
L7H9,L8N1307,L9H9,0.08294700027655533,0.09344125112493068,5.992132984560792,8.118085252991392,5.992132984560792
L7H3,L8N2649,L9H6,0.08226881123203246,0.08467627260535428,5.910609726555986,6.964842370214553,5.910609726555986
L7H3,L8N2649,L9H9,0.08226881123203246,0.10620477982655878,5.910609726555986,9.797433194506016,5.910609726555986
L7H3,L8N2649,L10H0,0.08226881123203246,0.11949222791049963,5.910609726555986,11.478350661790035,5.910609726555986
L7H3,L7N900,L9H6,0.1271633776607225,0.07684311336177246,9.985928180044013,5.849046085461126,5.849046085461126
L7H3,L8N1961,L10H0,0.08156061140515358,0.1238196823042702,5.825478954138062,12.04953623224016,5.825478954138062
L7H3,L8N1961,L9H9,0.08156061140515358,0.12021476301139175,5.825478954138062,11.640782081174212,5.825478954138062
L7H3,L8N1961,L9H6,0.08156061140515358,0.10455418944554488,5.825478954138062,9.580258491221498,5.825478954138062
L8H6,L8N1961,L10H0,0.08710342918383901,0.1238196823042702,5.804716133445068,12.04953623224016,5.804716133445068
L8H6,L8N1961,L9H6,0.08710342918383901,0.10455418944554488,5.804716133445068,9.580258491221498,5.804716133445068
L8H6,L8N1961,L9H9,0.08710342918383901,0.12021476301139175,5.804716133445068,11.640782081174212,5.804716133445068
L7H3,L8N1307,L9H9,0.0813389103891666,0.09344125112493068,5.798828878805527,8.118085252991392,5.798828878805527
L7H3,L8N1307,L9H6,0.0813389103891666,0.08358058183796177,5.798828878805527,6.8206780033085215,5.798828878805527
L7H3,L8N1307,L10H0,0.0813389103891666,0.0956746900832216,5.798828878805527,8.3346470677846,5.798828878805527
L7H9,L8N764,L10H0,0.0807447456343822,0.1062492233438251,5.727405951831341,9.730391600967037,5.727405951831341
L7H9,L8N764,L9H9,0.0807447456343822,0.1073582340635359,5.727405951831341,9.949197729516758,5.727405951831341
L7H9,L8N764,L9H6,0.0807447456343822,0.09779716699439013,5.727405951831341,8.69121032833631,5.727405951831341
L8H6,L8N428,L9H9,0.08618656589019182,0.1442095864099469,5.709019558830295,14.797875877361662,5.709019558830295
L8H6,L8N428,L9H6,0.08618656589019182,0.11821026165548888,5.709019558830295,11.377041911469469,5.709019558830295
L8H6,L8N428,L10H0,0.08618656589019182,0.14019551682811812,5.709019558830295,14.211001041104595,5.709019558830295
L7H9,L8N1394,L9H9,0.07895589070452706,0.0824894082606781,5.512372572631963,6.677107980967229,5.512372572631963
L7H9,L7N327,L9H9,0.10250363947390818,0.07417835197199552,7.412095754069176,5.497321233842989,5.497321233842989
L8H6,L9N2358,L10H0,0.0785003198913148,0.12686501035439235,5.457609645915723,12.5157814208636,5.457609645915723
L7H3,L8N1764,L9H6,0.10778510131992623,0.07317413339277118,8.9778534648035,5.451460431628705,5.451460431628705
L7H3,L7N1576,L9H9,0.10346305961739498,0.07366928092594446,7.512234152000754,5.4301283741662045,5.4301283741662045
L7H9,L7N632,L10H0,0.0847173490641555,0.06944078371472119,5.55567170578366,5.208887870949421,5.208887870949421
L7H3,L7N632,L10H0,0.08492906521940372,0.06944078371472119,5.577769341263503,5.208887870949421,5.208887870949421
L7H3,L8N1394,L9H9,0.07622752580959036,0.0824894082606781,5.184403259270872,6.677107980967229,5.184403259270872
L7H3,L7N1576,L9H6,0.10346305961739498,0.07177283769955926,7.512234152000754,5.179814700693779,5.179814700693779
L7H3,L8N2694,L9H6,0.079861167812144,0.07092439560985744,5.6211934682305085,5.155453535494885,5.155453535494885
L7H9,L8N428,L9H9,0.07591834016939943,0.1442095864099469,5.14723689552579,14.797875877361662,5.14723689552579
L7H9,L8N428,L9H6,0.07591834016939943,0.11821026165548888,5.14723689552579,11.377041911469469,5.14723689552579
L7H9,L8N428,L10H0,0.07591834016939943,0.14019551682811812,5.14723689552579,14.211001041104595,5.14723689552579
L7H3,L8N2037,L9H6,0.07570327126421918,0.07342930282860982,5.121384048170882,5.485034083306897,5.121384048170882
L7H9,L7N2926,L10H0,0.08014403159077849,0.0747328648693392,5.07833684042207,5.972451144551499,5.07833684042207
L7H9,L8N1764,L9H6,0.07518286379483939,0.07317413339277118,5.058827283598366,5.451460431628705,5.058827283598366
L8H10,L8N1961,L9H6,0.07956040089204607,0.10455418944554488,5.017421042946367,9.580258491221498,5.017421042946367
L8H10,L8N1961,L9H9,0.07956040089204607,0.12021476301139175,5.017421042946367,11.640782081174212,5.017421042946367
L8H10,L8N1961,L10H0,0.07956040089204607,0.1238196823042702,5.017421042946367,12.04953623224016,5.017421042946367
L7H3,L7N2926,L10H0,0.07943496215218276,0.0747328648693392,5.004328515617499,5.972451144551499,5.004328515617499
L7H9,L7N990,L10H0,0.07938652396703177,0.08722829130910095,4.999272834545279,7.775342755363759,4.999272834545279
L7H9,L7N990,L9H9,0.07938652396703177,0.07192641179783274,4.999272834545279,5.200085118576165,4.999272834545279
L7H9,L7N990,L9H6,0.07938652396703177,0.07048700753774971,4.999272834545279,5.010096532078898,4.999272834545279
L7H3,L7N632,L9H9,0.08492906521940372,0.07039313197235679,5.577769341263503,4.997705790665777,4.997705790665777
L7H9,L7N632,L9H9,0.0847173490641555,0.07039313197235679,5.55567170578366,4.997705790665777,4.997705790665777
L7H9,L7N2794,L9H9,0.07928953006453346,0.09427345555200192,4.989149205110093,8.149696546711228,4.989149205110093
L7H9,L7N2794,L9H6,0.07928953006453346,0.07347787055660361,4.989149205110093,5.404863904329294,4.989149205110093
L7H9,L7N2794,L10H0,0.07928953006453346,0.10306039766821205,4.989149205110093,10.05966429284248,4.989149205110093
L7H3,L8N2694,L10H0,0.079861167812144,0.069973182462099,5.6211934682305085,4.942276182690674,4.942276182690674
L8H6,L8N1827,L9H6,0.07875090067827048,0.09343426407205643,4.932930368987662,8.117165938816143,4.932930368987662
L8H6,L8N1827,L9H9,0.07875090067827048,0.10839079791589568,4.932930368987662,10.085056238592042,4.932930368987662
L8H6,L8N1827,L10H0,0.07875090067827048,0.12700597306996383,4.932930368987662,12.470098332499964,4.932930368987662
L7H3,L8N1394,L9H6,0.07622752580959036,0.06914122232420529,5.184403259270872,4.920834375180557,4.920834375180557
L7H9,L8N1394,L9H6,0.07895589070452706,0.06914122232420529,5.512372572631963,4.920834375180557,4.920834375180557
L7H9,L7N2926,L9H9,0.08014403159077849,0.06978403297620159,5.07833684042207,4.917310129401195,4.917310129401195
L7H3,L7N2926,L9H9,0.07943496215218276,0.06978403297620159,5.004328515617499,4.917310129401195,4.917310129401195
L7H9,L8N1394,L10H0,0.07895589070452706,0.06971929144695074,5.512372572631963,4.908764822171571,4.908764822171571
L7H3,L8N1394,L10H0,0.07622752580959036,0.06971929144695074,5.184403259270872,4.908764822171571,4.908764822171571
L7H9,L7N1206,L10H0,0.08522495075001614,0.06694041191796572,5.608652060589138,4.848123925996137,4.848123925996137
L7H3,L7N1206,L10H0,0.08692709200682913,0.06694041191796572,5.78631113901023,4.848123925996137,4.848123925996137
L7H9,L7N327,L9H6,0.10250363947390818,0.06915157122513836,7.412095754069176,4.833830791851397,4.833830791851397
L7H9,L7N1314,L10H0,0.07688150727708232,0.0782927924202252,4.73781453619045,6.486092159328598,4.73781453619045
L7H9,L7N1314,L9H6,0.07688150727708232,0.0688029966806448,4.73781453619045,4.787822045848769,4.73781453619045
L7H3,L7N632,L9H6,0.08492906521940372,0.06834539050838626,5.577769341263503,4.727422092721764,4.727422092721764
L7H9,L7N632,L9H6,0.0847173490641555,0.06834539050838626,5.55567170578366,4.727422092721764,4.727422092721764
L7H3,L7N1206,L9H9,0.08692709200682913,0.06825684336280106,5.78631113901023,4.715734655429389,4.715734655429389
L7H9,L7N1206,L9H9,0.08522495075001614,0.06825684336280106,5.608652060589138,4.715734655429389,4.715734655429389
L7H9,L8N2896,L9H6,0.07129879312679405,0.08696596277296571,4.591933726798539,7.266105959584948,4.591933726798539
L7H9,L8N2896,L9H9,0.07129879312679405,0.08476221249903798,4.591933726798539,6.976149821854734,4.591933726798539
L7H9,L8N2896,L10H0,0.07129879312679405,0.08105533619786878,4.591933726798539,6.405022113068053,4.591933726798539
L7H9,L7N1762,L10H0,0.07543603473732544,0.06623666239694083,4.586944966307028,4.746584045489817,4.586944966307028
L7H9,L8N1212,L9H6,0.0712549162627142,0.06868573010351185,4.586659408465455,4.860903462571736,4.586659408465455
L7H9,L8N1212,L10H0,0.0712549162627142,0.06982968679154343,4.586659408465455,4.923336027813156,4.586659408465455
L7H9,L8N342,L9H9,0.07122592742335686,0.07868800784349644,4.583174739036961,6.17694269637375,4.583174739036961
L7H9,L8N342,L9H6,0.07122592742335686,0.07436552666270996,4.583174739036961,5.608216755226806,4.583174739036961
L7H9,L8N342,L10H0,0.07122592742335686,0.0730318143624171,4.583174739036961,5.345988445792748,4.583174739036961
L7H3,L8N2603,L10H0,0.07108925112058823,0.08568551066580983,4.566745252916924,7.016164046432287,4.566745252916924
L7H3,L8N2603,L9H9,0.07108925112058823,0.07355316704427693,4.566745252916924,5.501331387952857,4.566745252916924
L7H3,L8N2603,L9H6,0.07108925112058823,0.08183042487904314,4.566745252916924,6.590402931657484,4.566745252916924
L8H10,L8N1028,L10H0,0.07506509717294972,0.06934037642493307,4.548228775406313,4.858751402431125,4.548228775406313
L8H10,L8N1458,L9H6,0.07782497977113124,0.06582162645993865,4.836288416156334,4.484062020791953,4.484062020791953
L8H10,L8N1458,L10H0,0.07782497977113124,0.06625052820279512,4.836288416156334,4.4509188619179945,4.4509188619179945
L7H9,L8N2603,L9H6,0.07005869382926988,0.08183042487904314,4.442864767634259,6.590402931657484,4.442864767634259
L7H9,L8N2603,L10H0,0.07005869382926988,0.08568551066580983,4.442864767634259,7.016164046432287,4.442864767634259
L7H9,L8N2603,L9H9,0.07005869382926988,0.07355316704427693,4.442864767634259,5.501331387952857,4.442864767634259
L7H9,L7N1206,L9H6,0.08522495075001614,0.06601328996836552,5.608652060589138,4.419605520647358,4.419605520647358
L7H3,L7N1206,L9H6,0.08692709200682913,0.06601328996836552,5.78631113901023,4.419605520647358,4.419605520647358
L8H10,L8N2694,L9H6,0.07329545184592481,0.07092439560985744,4.363524035612806,5.155453535494885,4.363524035612806
L8H10,L8N2694,L10H0,0.07329545184592481,0.069973182462099,4.363524035612806,4.942276182690674,4.363524035612806
L7H9,L7N371,L9H9,0.07313164469145524,0.09336087423103015,4.3464268481817605,8.029243912212817,4.3464268481817605
L7H9,L7N371,L9H6,0.07313164469145524,0.0794933589593023,4.3464268481817605,6.198854981341603,4.3464268481817605
L7H9,L7N371,L10H0,0.07313164469145524,0.0830699583018114,4.3464268481817605,7.175361335766126,4.3464268481817605
L7H9,L8N1788,L10H0,0.06916541477698317,0.07904869981206496,4.335486125590444,6.140163920602467,4.335486125590444
L7H9,L8N1788,L9H9,0.06916541477698317,0.06628543466074803,4.335486125590444,4.545087099788129,4.335486125590444
L8H6,L8N764,L9H9,0.07299847636626396,0.1073582340635359,4.332527554081658,9.949197729516758,4.332527554081658
L8H6,L8N764,L10H0,0.07299847636626396,0.1062492233438251,4.332527554081658,9.730391600967037,4.332527554081658
L8H6,L8N764,L9H6,0.07299847636626396,0.09779716699439013,4.332527554081658,8.69121032833631,4.332527554081658
L8H10,L8N2909,L9H6,0.07264210759903782,0.067941608680579,4.295331964990539,4.76299646451094,4.295331964990539
L7H9,L7N2651,L10H0,0.07235616849635865,0.07603089484965465,4.265487392888661,6.159736258298939,4.265487392888661
L8H10,L8N2896,L10H0,0.07234564855629322,0.08105533619786878,4.264389385981427,6.405022113068053,4.264389385981427
L8H10,L8N2896,L9H9,0.07234564855629322,0.08476221249903798,4.264389385981427,6.976149821854734,4.264389385981427
L8H10,L8N2896,L9H6,0.07234564855629322,0.08696596277296571,4.264389385981427,7.266105959584948,4.264389385981427
L7H9,L7N1376,L10H0,0.0721686060988092,0.06947744073881197,4.245910778690686,5.214176897420763,4.245910778690686
L7H3,L7N1195,L9H6,0.09048020250175462,0.06465992337298763,6.157163048938481,4.2409731422398975,4.2409731422398975
L7H9,L7N2651,L9H6,0.07235616849635865,0.06462894597541194,4.265487392888661,4.236884400708432,4.236884400708432
L7H9,L7N1314,L9H9,0.07688150727708232,0.06462722994988628,4.73781453619045,4.236657900570107,4.236657900570107
L7H3,L7N1195,L9H9,0.09048020250175462,0.06457472897661967,6.157163048938481,4.229728238085936,4.229728238085936
L7H3,L8N1764,L10H0,0.10778510131992623,0.06434641639137378,8.9778534648035,4.199593003285463,4.199593003285463
L7H9,L8N1764,L10H0,0.07518286379483939,0.06434641639137378,5.058827283598366,4.199593003285463,4.199593003285463
L7H3,L8N1966,L9H6,0.06790754544047962,0.06439730740057709,4.184281078436879,4.296658730031633,4.184281078436879
L7H9,L7N900,L9H6,0.07141619155371548,0.07684311336177246,4.167378357167539,5.849046085461126,4.167378357167539
L7H9,L7N900,L9H9,0.07141619155371548,0.08995989775850755,4.167378357167539,7.580345204154414,4.167378357167539
L7H9,L7N900,L10H0,0.07141619155371548,0.08106349053910301,4.167378357167539,6.885859899845452,4.167378357167539
L7H9,L8N1788,L9H6,0.06916541477698317,0.06333163498155413,4.335486125590444,4.156443995920774,4.156443995920774
L7H9,L7N2088,L10H0,0.07104555738893835,0.0630000569244673,4.128693833258541,4.279593272348756,4.128693833258541
L7H9,L7N2086,L9H9,0.07871906647250149,0.06377610393371354,4.929607709580547,4.124316820841482,4.124316820841482
L7H3,L7N327,L10H0,0.07089159263785,0.08438526064306909,4.112623935605684,7.365138576916483,4.112623935605684
L7H3,L7N327,L9H9,0.07089159263785,0.07417835197199552,4.112623935605684,5.497321233842989,4.112623935605684
L7H3,L7N327,L9H6,0.07089159263785,0.06915157122513836,4.112623935605684,4.833830791851397,4.112623935605684
L7H3,L7N1195,L10H0,0.09048020250175462,0.061818984412972615,6.157163048938481,4.109183264094943,4.109183264094943
L8H10,L8N2694,L9H9,0.07329545184592481,0.0629685467805625,4.363524035612806,4.108671045573136,4.108671045573136
L7H3,L8N2694,L9H9,0.079861167812144,0.0629685467805625,5.6211934682305085,4.108671045573136,4.108671045573136
L8H6,L8N1307,L9H6,0.07046829952113798,0.08358058183796177,4.068443192840625,6.8206780033085215,4.068443192840625
L8H6,L8N1307,L10H0,0.07046829952113798,0.0956746900832216,4.068443192840625,8.3346470677846,4.068443192840625
L8H6,L8N1307,L9H9,0.07046829952113798,0.09344125112493068,4.068443192840625,8.118085252991392,4.068443192840625
L7H3,L7N1784,L10H0,0.08125345741983567,0.061291812179461655,5.19413191299783,4.033120682170913,4.033120682170913
L7H3,L8N2037,L9H9,0.07570327126421918,0.06226240445298934,5.121384048170882,4.015761107267824,4.015761107267824
L7H9,L8N3070,L9H6,0.07284726064259539,0.06223167636236346,4.7780707896458825,4.011718090877484,4.011718090877484
L8H10,L8N3070,L9H6,0.07421926708215694,0.06223167636236346,4.459946211412516,4.011718090877484,4.011718090877484
L8H10,L8N64,L9H9,0.06986092048128441,0.06440769445596321,4.005048688982166,4.298025395981847,4.005048688982166
L8H10,L8N64,L9H6,0.06986092048128441,0.06767118609289147,4.005048688982166,4.727415895329145,4.005048688982166
L7H9,L8N2920,L10H0,0.06638063930356917,0.07351546475877627,4.000735850223929,5.409826005338265,4.000735850223929
L7H9,L8N2920,L9H6,0.06638063930356917,0.07138117996980227,4.000735850223929,5.2155544599744585,4.000735850223929
L7H9,L8N2920,L9H9,0.06638063930356917,0.08224817629419594,4.000735850223929,6.64536813724457,4.000735850223929
L8H6,L8N15,L9H6,0.07206029488503124,0.06196433809935978,4.234605917624989,3.9765433384905484,3.9765433384905484
L7H3,L7N617,L10H0,0.10891529371037706,0.060773395075589855,8.081304950571777,3.958321326424405,3.958321326424405
L7H9,L7N617,L10H0,0.12252397534259028,0.060773395075589855,9.501695783370133,3.958321326424405,3.958321326424405
L7H3,L8N2920,L9H6,0.06598647213834594,0.07138117996980227,3.953354088800572,5.2155544599744585,3.953354088800572
L7H3,L8N2920,L10H0,0.06598647213834594,0.07351546475877627,3.953354088800572,5.409826005338265,3.953354088800572
L7H3,L8N2920,L9H9,0.06598647213834594,0.08224817629419594,3.953354088800572,6.64536813724457,3.953354088800572
L7H3,L8N2812,L9H6,0.06589458717821628,0.06489779705613868,3.9423088479906423,4.362510133077369,3.9423088479906423
L8H10,L8N938,L9H9,0.06917519618228563,0.067485551809929,3.933476986854945,4.702991258674565,3.933476986854945
L8H10,L8N938,L9H6,0.06917519618228563,0.07221169288698497,3.933476986854945,5.324828328547666,3.933476986854945
L7H9,L7N1544,L10H0,0.07948542007111584,0.06041433754653638,5.009595004130609,3.9065150267314563,3.9065150267314563
L7H3,L8N524,L9H6,0.0652641945935522,0.06462248080982083,3.866531072252549,4.32628568587881,3.866531072252549
L8H10,L8N3070,L10H0,0.07421926708215694,0.06173005839608486,4.459946211412516,3.8542569701219267,3.8542569701219267
L7H9,L8N3070,L10H0,0.07284726064259539,0.06173005839608486,4.7780707896458825,3.8542569701219267,3.8542569701219267
L7H3,L8N3070,L10H0,0.06515915359103842,0.06173005839608486,3.8539043794178998,3.8542569701219267,3.8539043794178998
L7H3,L8N3070,L9H6,0.06515915359103842,0.06223167636236346,3.8539043794178998,4.011718090877484,3.8539043794178998
L7H3,L7N2906,L10H0,0.07170497472009409,0.06001267941151776,4.19751977521789,3.848562136085383,3.848562136085383
L7H9,L8N1324,L10H0,0.06509424729815878,0.06297302564567682,3.846102170722115,4.01831761476581,3.846102170722115
L7H9,L7N2086,L10H0,0.07871906647250149,0.05991414043662869,4.929607709580547,3.8343445267847334,3.8343445267847334
L7H9,L7N2926,L9H6,0.08014403159077849,0.06150241881928353,5.07833684042207,3.8242105664626624,3.8242105664626624
L7H3,L7N2926,L9H6,0.07943496215218276,0.06150241881928353,5.004328515617499,3.8242105664626624,3.8242105664626624
L7H3,L9N2007,L10H0,0.06317570165399693,0.09282191120155492,3.8048220782586752,8.036596250245136,3.8048220782586752
L7H9,L8N2649,L9H6,0.06467505275064882,0.08467627260535428,3.795711935835756,6.964842370214553,3.795711935835756
L7H9,L8N2649,L10H0,0.06467505275064882,0.11949222791049963,3.795711935835756,11.478350661790035,3.795711935835756
L7H9,L8N2649,L9H9,0.06467505275064882,0.10620477982655878,3.795711935835756,9.797433194506016,3.795711935835756
L7H9,L7N308,L9H9,0.06775908553862253,0.07098730122681332,3.7856720318381445,5.076130858539218,3.7856720318381445
L7H9,L7N308,L10H0,0.06775908553862253,0.06027601948306507,3.7856720318381445,3.8865579266309993,3.7856720318381445
L8H6,L8N2461,L9H6,0.07976589564054938,0.06049771699502285,5.038869326097572,3.7835742003997668,3.7835742003997668
L7H9,L8N1747,L9H6,0.0690063949083039,0.06036297152346161,4.316370780264642,3.7658452058885605,3.7658452058885605
L7H9,L7N2980,L9H6,0.08709214577110093,0.06099276460661631,5.80353843993669,3.756940733968601,3.756940733968601
L7H3,L7N2980,L9H6,0.07314415635864319,0.06099276460661631,4.347732739366306,3.756940733968601,3.756940733968601
L8H10,L8N585,L9H6,0.06814076895897614,0.060242619675408705,3.825509809365255,3.7500100373383978,3.7500100373383978
L7H3,L7N1427,L9H6,0.06741500750039092,0.06176333087645364,3.7497592737562333,3.858648642211433,3.7497592737562333
L7H3,L8N2812,L9H9,0.06589458717821628,0.060231675163873774,3.9423088479906423,3.7485700246783624,3.7485700246783624
L7H3,L7N1049,L9H6,0.06776120582263573,0.0607760980346652,3.785893334096267,3.728342669555602,3.728342669555602
L7H9,L7N1265,L9H6,0.06719771123479003,0.08364875172389712,3.727079220537101,6.747329943921471,3.727079220537101
L7H9,L7N1265,L10H0,0.06719771123479003,0.09056002625818949,3.727079220537101,8.256059201346554,3.727079220537101
L7H9,L7N1265,L9H9,0.06719771123479003,0.08926612836787158,3.727079220537101,7.488773802334056,3.727079220537101
L8H10,L8N1324,L10H0,0.06702501659307936,0.06297302564567682,3.7090544116255164,4.01831761476581,3.7090544116255164
L7H9,L7N1195,L9H6,0.06698549231669741,0.06465992337298763,3.7049291097510855,4.2409731422398975,3.7049291097510855
L7H9,L7N1195,L10H0,0.06698549231669741,0.061818984412972615,3.7049291097510855,4.109183264094943,3.7049291097510855
L7H9,L7N1195,L9H9,0.06698549231669741,0.06457472897661967,3.7049291097510855,4.229728238085936,3.7049291097510855
L7H3,L8N1764,L9H9,0.10778510131992623,0.05987313132860152,8.9778534648035,3.701394994498,3.701394994498
L7H9,L8N1764,L9H9,0.07518286379483939,0.05987313132860152,5.058827283598366,3.701394994498,3.701394994498
L7H9,L8N1212,L9H9,0.0712549162627142,0.05985252611270362,4.586659408465455,3.698683884764045,3.698683884764045
L7H9,L8N1961,L9H9,0.06386644840006507,0.12021476301139175,3.698511809073424,11.640782081174212,3.698511809073424
L7H9,L8N1961,L9H6,0.06386644840006507,0.10455418944554488,3.698511809073424,9.580258491221498,3.698511809073424
L7H9,L8N1961,L10H0,0.06386644840006507,0.1238196823042702,3.698511809073424,12.04953623224016,3.698511809073424
L7H3,L8N1458,L10H0,0.06379899756290718,0.06625052820279512,3.690403727639977,4.4509188619179945,3.690403727639977
L7H3,L8N1458,L9H6,0.06379899756290718,0.06582162645993865,3.690403727639977,4.484062020791953,3.690403727639977
L8H10,L8N1717,L10H0,0.06675133185092494,0.11130699183998691,3.6804888746147357,10.397972150826439,3.6804888746147357
L8H10,L8N1717,L9H6,0.06675133185092494,0.07304546823578173,3.6804888746147357,5.434531448148821,3.6804888746147357
L8H10,L8N1717,L9H9,0.06675133185092494,0.06036006789564817,3.6804888746147357,3.765463164095463,3.6804888746147357
L8H6,L8N538,L10H0,0.06673276992741302,0.10451327578446905,3.678551494734158,9.501261931018435,3.678551494734158
L8H6,L8N538,L9H6,0.06673276992741302,0.06581947304690877,3.678551494734158,4.483778687724468,3.678551494734158
L7H9,L7N2086,L9H6,0.07871906647250149,0.06032992116000807,4.929607709580547,3.6694512822680676,3.6694512822680676
L8H10,L8N2897,L9H6,0.06664459667677614,0.06333989491381595,3.6693485109119632,4.157530787870336,3.6693485109119632
L8H10,L8N2897,L9H9,0.06664459667677614,0.06298958312441649,3.6693485109119632,4.111438880517063,3.6693485109119632
L8H6,L8N1401,L9H6,0.06661042509286791,0.06602258008080417,3.6657818902915977,4.510502283310998,3.6657818902915977
L8H6,L8N1401,L10H0,0.06661042509286791,0.1343252682443772,3.6657818902915977,13.43618033107822,3.6657818902915977
L7H3,L7N2842,L10H0,0.06647447859245946,0.09847503231022531,3.6515926272792205,9.398068886212958,3.6515926272792205
L7H3,L7N2842,L9H6,0.06647447859245946,0.08539406308589483,3.6515926272792205,6.977695552707733,3.6515926272792205
L7H3,L7N2842,L9H9,0.06647447859245946,0.10772887939707325,3.6515926272792205,9.925693066896093,3.6515926272792205
L7H9,L7N365,L9H9,0.08387014009665242,0.06011569635612794,5.467245223084746,3.641175509567845,3.641175509567845
L7H9,L7N1427,L9H6,0.06634542362072181,0.06176333087645364,3.6381226598174714,3.858648642211433,3.6381226598174714
L7H3,L7N2906,L9H6,0.07170497472009409,0.059972508859555664,4.19751977521789,3.622276030920838,3.622276030920838
L8H10,L9N720,L10H0,0.06316014003038123,0.08634559496149352,3.6136084035735614,7.184481713537312,3.6136084035735614
L8H6,L8N1401,L9H9,0.06661042509286791,0.059151486054751734,3.6657818902915977,3.6064452722484783,3.6064452722484783
L7H9,L8N1401,L10H0,0.06309774888165505,0.1343252682443772,3.606108533506508,13.43618033107822,3.606108533506508
L7H9,L8N1401,L9H6,0.06309774888165505,0.06602258008080417,3.606108533506508,4.510502283310998,3.606108533506508
L7H9,L8N1401,L9H9,0.06309774888165505,0.059151486054751734,3.606108533506508,3.6064452722484783,3.606108533506508
L8H10,L8N3029,L9H6,0.06593964604531641,0.07369583710757235,3.5957700819677068,5.520103052334382,3.5957700819677068
L8H10,L8N3029,L9H9,0.06593964604531641,0.06612275825079222,3.5957700819677068,4.523683121266311,3.5957700819677068
L7H3,L7N1417,L10H0,0.08634831046618129,0.05821723273235061,5.725901466953305,3.5895076915543247,3.5895076915543247
L8H6,L9N2007,L10H0,0.0629463161556557,0.09282191120155492,3.5879052179387942,8.036596250245136,3.5879052179387942
L7H9,L8N2877,L9H6,0.09000905501808061,0.05895585419261403,6.841043351643571,3.58070521456884,3.58070521456884
L7H3,L8N2877,L9H6,0.06510356336722785,0.05895585419261403,3.8472220300127384,3.58070521456884,3.58070521456884
L8H10,L8N2909,L9H9,0.07264210759903782,0.05890713883921834,4.295331964990539,3.574295542889661,3.574295542889661
L7H9,L7N1417,L10H0,0.06534357442998699,0.05821723273235061,3.53355577782078,3.5895076915543247,3.53355577782078
L7H9,L9N2007,L10H0,0.06106829902232039,0.09282191120155492,3.53259162907943,8.036596250245136,3.53259162907943
L7H9,L7N2088,L9H6,0.07104555738893835,0.05919508987372561,4.128693833258541,3.5196636249901574,3.5196636249901574
L7H9,L7N2146,L10H0,0.10079801780140106,0.057479847009782696,7.234073411176192,3.483114641300349,3.483114641300349
L7H3,L7N2146,L10H0,0.0711461930023718,0.057479847009782696,4.139197562174907,3.483114641300349,3.483114641300349
L7H3,L8N2037,L10H0,0.07570327126421918,0.05891400448917058,5.121384048170882,3.482562849080566,3.482562849080566
L8H10,L8N428,L10H0,0.06474002424543039,0.14019551682811812,3.4705609064256935,14.211001041104595,3.4705609064256935
L8H10,L8N428,L9H9,0.06474002424543039,0.1442095864099469,3.4705609064256935,14.797875877361662,3.4705609064256935
L8H10,L8N428,L9H6,0.06474002424543039,0.11821026165548888,3.4705609064256935,11.377041911469469,3.4705609064256935
L7H3,L7N990,L10H0,0.06467510900812089,0.08722829130910095,3.4637854515744984,7.775342755363759,3.4637854515744984
L7H3,L7N990,L9H6,0.06467510900812089,0.07048700753774971,3.4637854515744984,5.010096532078898,3.4637854515744984
L7H3,L7N990,L9H9,0.06467510900812089,0.07192641179783274,3.4637854515744984,5.200085118576165,3.4637854515744984
L8H6,L8N538,L9H9,0.06673276992741302,0.05801667044860169,3.678551494734158,3.4571330955975457,3.4571330955975457
L8H10,L8N1548,L9H6,0.06449536033305045,0.08761717507896352,3.4450243858682255,7.351788537744302,3.4450243858682255
L8H10,L8N1548,L10H0,0.06449536033305045,0.09194601272891263,3.4450243858682255,7.842494751930907,3.4450243858682255
L8H10,L8N1548,L9H9,0.06449536033305045,0.09919232089434948,3.4450243858682255,8.874776243747615,3.4450243858682255
L7H3,L8N1717,L10H0,0.06171119804398083,0.11130699183998691,3.439435033559277,10.397972150826439,3.439435033559277
L7H3,L8N1717,L9H6,0.06171119804398083,0.07304546823578173,3.439435033559277,5.434531448148821,3.439435033559277
L7H3,L8N1717,L9H9,0.06171119804398083,0.06036006789564817,3.439435033559277,3.765463164095463,3.439435033559277
L8H10,L8N2649,L10H0,0.06441554275665047,0.11949222791049963,3.4366935161426566,11.478350661790035,3.4366935161426566
L8H10,L8N2649,L9H6,0.06441554275665047,0.08467627260535428,3.4366935161426566,6.964842370214553,3.4366935161426566
L8H10,L8N2649,L9H9,0.06441554275665047,0.10620477982655878,3.4366935161426566,9.797433194506016,3.4366935161426566
L8H10,L8N2010,L10H0,0.06441127108384957,0.07071475448233326,3.4362476651005727,5.040157107332444,3.4362476651005727
L8H10,L8N938,L10H0,0.06917519618228563,0.058555886222488335,3.933476986854945,3.4352944164569985,3.4352944164569985
L7H3,L8N534,L9H6,0.07530859976089092,0.05766191939751969,5.073941661637479,3.4104570970307297,3.4104570970307297
L7H9,L8N534,L9H6,0.06170072331805587,0.05766191939751969,3.438175895283591,3.4104570970307297,3.4104570970307297
L7H9,L8N1539,L9H6,0.06431043681517007,0.05756510233349548,3.7518824472576706,3.3977184930777486,3.3977184930777486
L7H3,L8N1539,L9H6,0.06359043696805444,0.05756510233349548,3.665333226544258,3.3977184930777486,3.3977184930777486
L8H10,L8N1324,L9H6,0.06702501659307936,0.057503051510841154,3.7090544116255164,3.3895542209763714,3.3895542209763714
L7H9,L8N1324,L9H6,0.06509424729815878,0.057503051510841154,3.846102170722115,3.3895542209763714,3.3895542209763714
L7H3,L7N617,L9H9,0.10891529371037706,0.05819769643690777,8.081304950571777,3.388016543973638,3.388016543973638
L7H9,L7N617,L9H9,0.12252397534259028,0.05819769643690777,9.501695783370133,3.388016543973638,3.388016543973638
L8H10,L8N1458,L9H9,0.07782497977113124,0.057488571303168375,4.836288416156334,3.387649002794437,3.387649002794437
L7H3,L8N1458,L9H9,0.06379899756290718,0.057488571303168375,3.690403727639977,3.387649002794437,3.387649002794437
L8H10,L9N2864,L10H0,0.06225561214689555,0.05746590391336739,3.5048775701673356,3.3846665646856917,3.3846665646856917
L7H3,L7N1613,L9H6,0.07497635231819132,0.058155828049373116,4.538966131047107,3.382490288433607,3.382490288433607
L7H3,L8N2365,L10H0,0.061231665361637475,0.06181227081568204,3.381791715814566,3.865108279809511,3.381791715814566
L7H3,L8N2365,L9H9,0.061231665361637475,0.058526322168899865,3.381791715814566,3.5241899877298093,3.381791715814566
L7H9,L8N1548,L9H9,0.0611858268050769,0.09919232089434948,3.3762815877710133,8.874776243747615,3.3762815877710133
L7H9,L8N1548,L10H0,0.0611858268050769,0.09194601272891263,3.3762815877710133,7.842494751930907,3.3762815877710133
L7H9,L8N1548,L9H6,0.0611858268050769,0.08761717507896352,3.3762815877710133,7.351788537744302,3.3762815877710133
L8H10,L8N3029,L10H0,0.06593964604531641,0.05798490048281624,3.5957700819677068,3.359929366763356,3.359929366763356
L7H3,L7N131,L9H6,0.06367661366463383,0.06163165993482607,3.3595686236105236,3.841269246598735,3.3595686236105236
L7H3,L7N131,L10H0,0.06367661366463383,0.06647677836704823,3.3595686236105236,4.781228966990946,3.3595686236105236
L7H3,L7N131,L9H9,0.06367661366463383,0.061522118697393186,3.3595686236105236,3.826810775521378,3.3595686236105236
L7H9,L7N308,L9H6,0.06775908553862253,0.05796589431524524,3.7856720318381445,3.357420721338521,3.357420721338521
L8H10,L8N2416,L10H0,0.0636342470709581,0.07497404684463463,3.355146658066746,5.602345894619739,3.355146658066746
L8H10,L8N2482,L9H6,0.06356115625569012,0.06457654523362516,3.3475178864653397,4.320241760477785,3.3475178864653397
L8H10,L8N2482,L9H9,0.06356115625569012,0.058515915217008704,3.3475178864653397,3.5228207039177524,3.3475178864653397
L7H9,L7N617,L9H6,0.12252397534259028,0.057822153999712314,9.501695783370133,3.3384482754954083,3.3384482754954083
L7H3,L7N617,L9H6,0.10891529371037706,0.057822153999712314,8.081304950571777,3.3384482754954083,3.3384482754954083
L7H3,L8N1744,L9H9,0.08354008136100738,0.05710715648090138,6.063425646475687,3.337464746417473,3.337464746417473
L8H6,L8N663,L9H6,0.07623831027847806,0.05705826147409432,4.670681573189953,3.3310314370285647,3.3310314370285647
L8H10,L8N2015,L10H0,0.06338108669819033,0.08386171206265981,3.328723329016562,6.775438818449305,3.328723329016562
L7H3,L7N644,L9H6,0.06407454721310152,0.057737032676215466,3.4011024899748077,3.3272130163118554,3.3272130163118554
L7H9,L7N1211,L10H0,0.06336506238472442,0.11774566770928842,3.327050809329204,12.178515561120925,3.327050809329204
L7H9,L7N1211,L9H6,0.06336506238472442,0.09716192162462853,3.327050809329204,8.530948430912256,3.327050809329204
L7H9,L7N1211,L9H9,0.06336506238472442,0.10917056131351056,3.327050809329204,10.115982283816152,3.327050809329204
L7H9,L7N106,L9H9,0.08681667338660448,0.05772253945781623,5.774786319767925,3.325300040121756,3.325300040121756
L7H3,L7N106,L9H9,0.07070502368259234,0.05772253945781623,4.093151010829087,3.325300040121756,3.325300040121756
L7H9,L8N1918,L9H6,0.06896266696236968,0.0570054261186264,4.3111143629762685,3.3240796803852057,3.3240796803852057
L8H10,L8N2597,L10H0,0.06331470657406915,0.05774003860498256,3.321794978252697,3.327609772229153,3.321794978252697
L8H10,L8N2597,L9H6,0.06331470657406915,0.058678293538870004,3.321794978252697,3.5441854618102613,3.321794978252697
L8H6,L9N1717,L10H0,0.060727539989158225,0.06133125107908685,3.321192177766427,3.8932455758460103,3.321192177766427
L8H10,L8N255,L9H9,0.06329243521242083,0.06253144111039526,3.3194704299405124,4.051159324122146,3.3194704299405124
L7H3,L7N1403,L10H0,0.09541235490565605,0.05624536889111643,6.671950906410508,3.304999052000209,3.304999052000209
L7H9,L7N1403,L10H0,0.0633470118190341,0.05624536889111643,3.325166801845873,3.304999052000209,3.304999052000209
L8H10,L8N1230,L9H6,0.0631484121252806,0.06643149756517301,3.304438182275827,4.564305173693229,3.304438182275827
L7H3,L8N2416,L10H0,0.060520544330702974,0.07497404684463463,3.2963097934129695,5.602345894619739,3.2963097934129695
L7H3,L7N292,L10H0,0.06305148864911413,0.0688595453844978,3.2943219035097826,5.12502440982674,3.2943219035097826
L7H3,L7N292,L9H6,0.06305148864911413,0.058971326764841625,3.2943219035097826,3.4901288806893103,3.2943219035097826
L7H9,L8N2365,L10H0,0.060383505887747636,0.06181227081568204,3.2798367754073707,3.865108279809511,3.2798367754073707
L7H9,L8N2365,L9H9,0.060383505887747636,0.058526322168899865,3.2798367754073707,3.5241899877298093,3.2798367754073707
L8H10,L8N2673,L9H6,0.06281197728136632,0.06487227293421757,3.269323174000623,4.359151823427334,3.269323174000623
L8H10,L8N2597,L9H9,0.06331470657406915,0.056560818189402,3.321794978252697,3.2655808570442253,3.2655808570442253
L7H3,L8N1390,L9H6,0.06024073927829197,0.07464910772971402,3.26267519010734,5.6455286375642535,3.26267519010734
L7H3,L8N1390,L10H0,0.06024073927829197,0.08142032604032942,3.26267519010734,6.453197532703783,3.26267519010734
L7H3,L8N1390,L9H9,0.06024073927829197,0.0727606826561114,3.26267519010734,5.397061083316921,3.26267519010734
L7H9,L8N2812,L9H6,0.06009329531908645,0.06489779705613868,3.2449513533325685,4.362510133077369,3.2449513533325685
L7H9,L8N2812,L9H9,0.06009329531908645,0.060231675163873774,3.2449513533325685,3.7485700246783624,3.2449513533325685
L7H9,L7N1255,L9H9,0.06257155332984739,0.059320607159313705,3.2442291945871946,3.536230792624134,3.2442291945871946
L7H9,L7N1255,L10H0,0.06257155332984739,0.06356572530002205,3.2442291945871946,4.361210236259987,3.2442291945871946
L7H9,L7N1255,L9H6,0.06257155332984739,0.06265730632561001,3.2442291945871946,3.9766454667718114,3.2442291945871946
L7H9,L7N1989,L10H0,0.0706210302117045,0.05571862712874837,4.084384286815087,3.228998580226319,3.228998580226319
L7H3,L7N1989,L10H0,0.08422243860907733,0.05571862712874837,5.504015983910859,3.228998580226319,3.228998580226319
L7H9,L7N1049,L9H6,0.06226870407690421,0.0607760980346652,3.212619644578907,3.728342669555602,3.212619644578907
L8H6,L8N938,L9H9,0.062267889526053256,0.067485551809929,3.212534626750375,4.702991258674565,3.212534626750375
L8H6,L8N938,L10H0,0.062267889526053256,0.058555886222488335,3.212534626750375,3.4352944164569985,3.212534626750375
L8H6,L8N938,L9H6,0.062267889526053256,0.07221169288698497,3.212534626750375,5.324828328547666,3.212534626750375
L8H6,L9N2624,L10H0,0.05981236463825935,0.11011977874445072,3.2111814413006714,10.312545083035335,3.2111814413006714
L8H10,L8N1358,L9H9,0.06425663293679959,0.056133537088564764,3.4201074825019298,3.209361793028834,3.209361793028834
L7H9,L8N2728,L9H6,0.06136440919507054,0.056056757622856765,3.3977484905057938,3.199259615120081,3.199259615120081
L7H9,L8N771,L9H6,0.06481463653749552,0.05602097532730089,3.81249092269833,3.1945515970014897,3.1945515970014897
L7H3,L9N1110,L10H0,0.06796268594284789,0.055980750812656285,4.4231960252111655,3.1892590985517293,3.1892590985517293
L7H9,L8N1747,L9H9,0.0690063949083039,0.05593982463187718,4.316370780264642,3.183874279114086,3.183874279114086
L8H10,L8N1966,L9H6,0.06196851932815347,0.06439730740057709,3.1812881991975885,4.296658730031633,3.1812881991975885
L7H3,L8N2877,L10H0,0.06510356336722785,0.05660171201557713,3.8472220300127384,3.1773607659625482,3.1773607659625482
L7H9,L8N2877,L10H0,0.09000905501808061,0.05660171201557713,6.841043351643571,3.1773607659625482,3.1773607659625482
L7H9,L7N292,L10H0,0.061713947936657465,0.0688595453844978,3.154717596655332,5.12502440982674,3.154717596655332
L7H9,L7N292,L9H6,0.061713947936657465,0.058971326764841625,3.154717596655332,3.4901288806893103,3.154717596655332
L7H9,L7N2980,L10H0,0.08709214577110093,0.05519727907162954,5.80353843993669,3.153776334469115,3.153776334469115
L7H3,L7N2980,L10H0,0.07314415635864319,0.05519727907162954,4.347732739366306,3.153776334469115,3.153776334469115
L8H6,L9N2979,L10H0,0.06426314310141569,0.055687427277931315,3.7461973987309487,3.150665361212044,3.150665361212044
L8H10,L8N2412,L9H9,0.0616710979084718,0.05851306894202176,3.150245173178542,3.5224462082628243,3.150245173178542
L8H10,L8N2412,L10H0,0.0616710979084718,0.06044463483258078,3.150245173178542,3.684592468874492,3.150245173178542
L8H10,L8N2412,L9H6,0.0616710979084718,0.061794470518562856,3.150245173178542,3.9541931891854434,3.150245173178542
L7H9,L8N3070,L9H9,0.07284726064259539,0.0556411437154184,4.7780707896458825,3.1445756498752324,3.1445756498752324
L8H10,L8N3070,L9H9,0.07421926708215694,0.0556411437154184,4.459946211412516,3.1445756498752324,3.1445756498752324
L7H3,L8N3070,L9H9,0.06515915359103842,0.0556411437154184,3.8539043794178998,3.1445756498752324,3.1445756498752324
L7H9,L7N3044,L9H6,0.06154376846527731,0.07179578619163002,3.1369553058169113,5.182843697961381,3.1369553058169113
L7H9,L7N3044,L9H9,0.06154376846527731,0.07156790880705155,3.1369553058169113,5.1527659057862625,3.1369553058169113
L7H9,L7N3044,L10H0,0.06154376846527731,0.07950648904583402,3.1369553058169113,6.66120930918579,3.1369553058169113
L8H10,L8N2603,L10H0,0.061499902165383355,0.08568551066580983,3.132376810124083,7.016164046432287,3.132376810124083
L8H10,L8N2603,L9H9,0.061499902165383355,0.07355316704427693,3.132376810124083,5.501331387952857,3.132376810124083
L8H10,L8N2603,L9H6,0.061499902165383355,0.08183042487904314,3.132376810124083,6.590402931657484,3.132376810124083
L8H10,L9N1704,L10H0,0.05914662685981248,0.057777629534592534,3.1311549160800323,3.4256815373127396,3.1311549160800323
L8H10,L9N2290,L10H0,0.05912344950170882,0.06285449704264917,3.128368828985565,4.0936650705741835,3.128368828985565
L7H9,L7N3048,L9H6,0.06800960435101731,0.0561686135774047,3.8118196509966955,3.1201956162096858,3.1201956162096858
L8H6,L8N2030,L9H9,0.0784116409781253,0.05542278516097218,4.8975205195219,3.115845351421436,3.115845351421436
L8H6,L8N15,L9H9,0.07206029488503124,0.05541949432701647,4.234605917624989,3.115412363385088,3.115412363385088
L8H10,L9N2358,L10H0,0.059008987594038165,0.12686501035439235,3.1146096747996963,12.5157814208636,3.1146096747996963
L8H10,L8N1358,L9H6,0.06425663293679959,0.055373452392614826,3.4201074825019298,3.1093544440143353,3.1093544440143353
L7H9,L8N1744,L9H9,0.05896466432766519,0.05710715648090138,3.1092816956627254,3.337464746417473,3.1092816956627254
L7H9,L7N644,L9H6,0.061214622979216954,0.057737032676215466,3.1026011160656846,3.3272130163118554,3.1026011160656846
L7H3,L7N1726,L9H6,0.06116937743691104,0.06589063693052417,3.0978786634980393,4.403416408293523,3.0978786634980393
L7H3,L7N1726,L10H0,0.06116937743691104,0.07241573696176082,3.0978786634980393,5.638126382936427,3.0978786634980393
L7H3,L7N1726,L9H9,0.06116937743691104,0.05845591036965318,3.0978786634980393,3.422098491246305,3.0978786634980393
L7H3,L7N2794,L9H9,0.06111109341643917,0.09427345555200192,3.091795334442791,8.149696546711228,3.091795334442791
L7H3,L7N2794,L9H6,0.06111109341643917,0.07347787055660361,3.091795334442791,5.404863904329294,3.091795334442791
L7H3,L7N2794,L10H0,0.06111109341643917,0.10306039766821205,3.091795334442791,10.05966429284248,3.091795334442791
L8H10,L8N1230,L9H9,0.0631484121252806,0.055221356857368446,3.304438182275827,3.089342633017507,3.089342633017507
L7H9,L7N1762,L9H6,0.07543603473732544,0.05591194930862047,4.586944966307028,3.0863182108254215,3.0863182108254215
L7H9,L8N2935,L9H6,0.058757639462828894,0.06352921869898548,3.0843958004897463,4.18244086691953,3.0843958004897463
L7H3,L9N2792,L10H0,0.059249308015917775,0.05517171752621652,3.297617670480903,3.0828113899312966,3.0828113899312966
L8H10,L9N2792,L10H0,0.06021643126532176,0.05517171752621652,3.2597531900706853,3.0828113899312966,3.0828113899312966
L7H9,L9N2792,L10H0,0.05908563285952867,0.05517171752621652,3.2764744106815917,3.0828113899312966,3.0828113899312966
L8H10,L8N2684,L9H6,0.06100105013485369,0.059400441138048786,3.080309690748616,3.639201276989642,3.080309690748616
L7H9,L8N1271,L9H9,0.058709157491823025,0.09454249666208549,3.0785679147950225,8.262980482920025,3.0785679147950225
L7H9,L8N1271,L9H6,0.058709157491823025,0.09404706784577113,3.0785679147950225,8.197794954505895,3.0785679147950225
L7H9,L8N1271,L10H0,0.058709157491823025,0.09373032573949411,3.0785679147950225,8.078008232160224,3.0785679147950225
L7H9,L7N2866,L10H0,0.06344368417889523,0.05466707011534278,3.3352568706301047,3.0772756016709844,3.0772756016709844
L7H3,L7N2487,L9H9,0.060850474593896794,0.056459286143681675,3.064593538089672,3.1585618150128703,3.064593538089672
L8H6,L8N2684,L9H6,0.060687166656574226,0.059400441138048786,3.047548455886624,3.639201276989642,3.047548455886624
L7H3,L7N2086,L9H6,0.060615897553971815,0.06032992116000807,3.040109823494886,3.6694512822680676,3.040109823494886
L7H3,L7N2086,L9H9,0.060615897553971815,0.06377610393371354,3.040109823494886,4.124316820841482,3.040109823494886
L7H3,L7N2086,L10H0,0.060615897553971815,0.05991414043662869,3.040109823494886,3.8343445267847334,3.040109823494886
L8H6,L9N662,L10H0,0.05837150859910495,0.09292369775646972,3.0379800609828775,8.049988709765223,3.0379800609828775
L8H10,L8N670,L9H6,0.060559306673275935,0.056745905598998315,3.0342032139986257,3.289933539407544,3.0342032139986257
L7H9,L7N496,L9H6,0.07295898158710938,0.055503191939205075,4.328405330947143,3.0323658661025474,3.0323658661025474
L7H9,L8N222,L10H0,0.05830747471913536,0.06985044689654711,3.030282722667007,4.926076177411544,3.030282722667007
L7H9,L8N222,L9H9,0.05830747471913536,0.06106443158347383,3.030282722667007,3.8581390797360005,3.030282722667007
L7H9,L8N222,L9H6,0.05830747471913536,0.056108697663101365,3.030282722667007,3.2060935715992036,3.030282722667007
L7H3,L7N566,L10H0,0.060443763955320154,0.10527898427009025,3.022143572821297,10.37977110885787,3.022143572821297
L7H3,L7N566,L9H6,0.060443763955320154,0.07493448539554452,3.022143572821297,5.597124134478513,3.022143572821297
L7H3,L7N566,L9H9,0.060443763955320154,0.0729416340692517,3.022143572821297,5.334085447515243,3.022143572821297
L7H9,L8N771,L10H0,0.06481463653749552,0.05542307620023554,3.81249092269833,3.0217912996481395,3.0217912996481395
L7H9,L7N988,L10H0,0.06880104169782754,0.054280351067580904,3.894425033540329,3.021478184086852,3.021478184086852
L7H9,L8N534,L9H9,0.06170072331805587,0.05463876791694089,3.438175895283591,3.0126891024204863,3.0126891024204863
L7H3,L8N534,L9H9,0.07530859976089092,0.05463876791694089,5.073941661637479,3.0126891024204863,3.0126891024204863
L7H9,L7N2487,L9H9,0.060303710981712055,0.056459286143681675,3.0075257012893326,3.1585618150128703,3.0075257012893326
L7H9,L7N1427,L10H0,0.06634542362072181,0.054108350891575334,3.6381226598174714,2.9966612900117595,2.9966612900117595
L7H3,L7N1427,L10H0,0.06741500750039092,0.054108350891575334,3.7497592737562333,2.9966612900117595,2.9966612900117595
L8H10,L8N1394,L9H6,0.06018657887994623,0.06914122232420529,2.995300169965214,4.920834375180557,2.995300169965214
L8H10,L8N1394,L9H9,0.06018657887994623,0.0824894082606781,2.995300169965214,6.677107980967229,2.995300169965214
L8H10,L8N1394,L10H0,0.06018657887994623,0.06971929144695074,2.995300169965214,4.908764822171571,2.995300169965214
L7H3,L8N342,L9H9,0.05798945009356204,0.07868800784349644,2.992053848561947,6.17694269637375,2.992053848561947
L7H3,L8N342,L10H0,0.05798945009356204,0.0730318143624171,2.992053848561947,5.345988445792748,2.992053848561947
L7H3,L8N342,L9H6,0.05798945009356204,0.07436552666270996,2.992053848561947,5.608216755226806,2.992053848561947
L8H10,L8N1358,L10H0,0.06425663293679959,0.05519654473785641,3.4201074825019298,2.9918911572572258,2.9918911572572258
L7H3,L7N162,L9H6,0.06273762376795992,0.05519289192585017,3.2615626097018144,2.9914090184939535,2.9914090184939535
L7H9,L7N1565,L9H6,0.06282311095181145,0.05516645505953984,3.270485238325665,2.9879195867887653,2.9879195867887653
L7H9,L7N1376,L9H6,0.0721686060988092,0.055154833735251756,4.245910778690686,2.9863856751310407,2.9863856751310407
L8H10,L8N305,L10H0,0.06009541008666618,0.06583775320906947,2.98578452975024,4.3964362264457115,2.98578452975024
L8H10,L8N601,L9H9,0.060085068231852376,0.06683071063089613,2.984705110290761,4.6168312153405,2.984705110290761
L8H10,L8N601,L9H6,0.060085068231852376,0.06768004779757003,2.984705110290761,4.728581864855139,2.984705110290761
L7H9,L7N434,L9H6,0.060078589379780355,0.059390783589355525,2.984028887395784,3.5454934585191906,2.984028887395784
L7H9,L7N434,L9H9,0.060078589379780355,0.05587133087086212,2.984028887395784,3.0809569375615844,2.984028887395784
L7H9,L7N497,L9H6,0.08475722911918494,0.05508392380261653,5.5598341416541,2.9770261934040616,2.9770261934040616
L7H3,L7N497,L9H6,0.06742793197871629,0.05508392380261653,3.751108251638749,2.9770261934040616,2.9770261934040616
L7H9,L7N1376,L9H9,0.0721686060988092,0.0550333922414295,4.245910778690686,2.970356475834329,2.970356475834329
L7H9,L7N2487,L10H0,0.060303710981712055,0.05392201526510206,3.0075257012893326,2.969776018077774,2.969776018077774
L7H3,L7N2487,L10H0,0.060850474593896794,0.05392201526510206,3.064593538089672,2.969776018077774,2.969776018077774
L7H9,L7N1403,L9H6,0.0633470118190341,0.0550142521658332,3.325166801845873,2.9678301557386932,2.9678301557386932
L7H3,L7N1403,L9H6,0.09541235490565605,0.0550142521658332,6.671950906410508,2.9678301557386932,2.9678301557386932
L7H9,L7N2651,L9H9,0.07235616849635865,0.054995287118413096,4.265487392888661,2.965326937808803,2.965326937808803
L7H3,L9N2358,L10H0,0.05665711805852004,0.12686501035439235,2.962763273958243,12.5157814208636,2.962763273958243
L7H3,L7N1442,L10H0,0.0598686019874069,0.054534869854427695,2.9621116895957806,3.0582012033301185,2.9621116895957806
L7H3,L7N1442,L9H6,0.0598686019874069,0.07209312475589523,2.9621116895957806,5.222089749333089,2.9621116895957806
L7H3,L7N1442,L9H9,0.0598686019874069,0.06313163657282046,2.9621116895957806,4.03925284935328,2.9621116895957806
L8H10,L8N433,L9H6,0.06628254073773691,0.054214973013821444,3.631559329662091,2.9569287312241377,2.9569287312241377
L8H10,L8N670,L9H9,0.060559306673275935,0.05420738286813638,3.0342032139986257,2.955930065742986,2.955930065742986
L8H10,L8N585,L9H9,0.06814076895897614,0.05417860383465313,3.825509809365255,2.9521434945079705,2.9521434945079705
L7H3,L8N1283,L9H6,0.06138085211417914,0.05414305356977693,3.3997250490298048,2.9474660055834123,2.9474660055834123
L7H9,L8N1283,L9H6,0.07137727120229413,0.05414305356977693,4.601367362520588,2.9474660055834123,2.9474660055834123
L7H3,L8N1788,L10H0,0.05761127248074892,0.07904869981206496,2.9465941476865134,6.140163920602467,2.9465941476865134
L7H3,L8N1788,L9H6,0.05761127248074892,0.06333163498155413,2.9465941476865134,4.156443995920774,2.9465941476865134
L7H3,L8N1788,L9H9,0.05761127248074892,0.06628543466074803,2.9465941476865134,4.545087099788129,2.9465941476865134
L7H3,L8N938,L10H0,0.057607748472285496,0.058555886222488335,2.9461705362267074,3.4352944164569985,2.9461705362267074
L7H3,L8N938,L9H6,0.057607748472285496,0.07221169288698497,2.9461705362267074,5.324828328547666,2.9461705362267074
L7H3,L8N938,L9H9,0.057607748472285496,0.067485551809929,2.9461705362267074,4.702991258674565,2.9461705362267074
L8H10,L9N1717,L10H0,0.05759905951071193,0.06133125107908685,2.945126059820201,3.8932455758460103,2.945126059820201
L7H9,L7N1576,L10H0,0.05967843517413836,0.08241477153796778,2.942263242437628,7.0808282899558534,2.942263242437628
L7H9,L7N1576,L9H9,0.05967843517413836,0.07366928092594446,2.942263242437628,5.4301283741662045,2.942263242437628
L7H9,L7N1576,L9H6,0.05967843517413836,0.07177283769955926,2.942263242437628,5.179814700693779,2.942263242437628
L7H3,L7N2088,L10H0,0.059574580546515654,0.0630000569244673,2.93142353253731,4.279593272348756,2.93142353253731
L7H3,L7N2088,L9H6,0.059574580546515654,0.05919508987372561,2.93142353253731,3.5196636249901574,2.93142353253731
